-- Seed data for development
-- Note: Auth users must be created through Supabase Auth API.
-- This seeds courses and holes that any authenticated user can access.

-- ============================================================
-- Sample Course: Pine Valley Golf Club
-- ============================================================
INSERT INTO courses (id, name, city, state, country, num_holes, created_by)
VALUES (
  '00000000-0000-0000-0000-000000000001',
  'Pine Valley Golf Club',
  'Clementon',
  'NJ',
  'US',
  18,
  '00000000-0000-0000-0000-000000000099' -- placeholder; replace with real user ID
) ON CONFLICT DO NOTHING;

-- Blue Tees
INSERT INTO tee_boxes (id, course_id, name, color, slope_rating, course_rating, total_yardage)
VALUES (
  '00000000-0000-0000-0000-000000000011',
  '00000000-0000-0000-0000-000000000001',
  'Blue',
  '#1e40af',
  139,
  73.5,
  6765
) ON CONFLICT DO NOTHING;

-- White Tees
INSERT INTO tee_boxes (id, course_id, name, color, slope_rating, course_rating, total_yardage)
VALUES (
  '00000000-0000-0000-0000-000000000012',
  '00000000-0000-0000-0000-000000000001',
  'White',
  '#ffffff',
  131,
  71.2,
  6350
) ON CONFLICT DO NOTHING;

-- Holes for Blue Tees
INSERT INTO holes (tee_box_id, hole_number, par, yardage, handicap_index) VALUES
  ('00000000-0000-0000-0000-000000000011', 1,  4, 427, 5),
  ('00000000-0000-0000-0000-000000000011', 2,  4, 367, 13),
  ('00000000-0000-0000-0000-000000000011', 3,  3, 185, 15),
  ('00000000-0000-0000-0000-000000000011', 4,  4, 461, 1),
  ('00000000-0000-0000-0000-000000000011', 5,  3, 226, 9),
  ('00000000-0000-0000-0000-000000000011', 6,  4, 391, 11),
  ('00000000-0000-0000-0000-000000000011', 7,  5, 585, 3),
  ('00000000-0000-0000-0000-000000000011', 8,  4, 327, 17),
  ('00000000-0000-0000-0000-000000000011', 9,  4, 432, 7),
  ('00000000-0000-0000-0000-000000000011', 10, 4, 416, 8),
  ('00000000-0000-0000-0000-000000000011', 11, 4, 399, 14),
  ('00000000-0000-0000-0000-000000000011', 12, 5, 560, 4),
  ('00000000-0000-0000-0000-000000000011', 13, 4, 448, 2),
  ('00000000-0000-0000-0000-000000000011', 14, 3, 198, 16),
  ('00000000-0000-0000-0000-000000000011', 15, 5, 543, 6),
  ('00000000-0000-0000-0000-000000000011', 16, 4, 375, 12),
  ('00000000-0000-0000-0000-000000000011', 17, 3, 167, 18),
  ('00000000-0000-0000-0000-000000000011', 18, 4, 458, 10)
ON CONFLICT DO NOTHING;

-- Holes for White Tees
INSERT INTO holes (tee_box_id, hole_number, par, yardage, handicap_index) VALUES
  ('00000000-0000-0000-0000-000000000012', 1,  4, 395, 5),
  ('00000000-0000-0000-0000-000000000012', 2,  4, 340, 13),
  ('00000000-0000-0000-0000-000000000012', 3,  3, 162, 15),
  ('00000000-0000-0000-0000-000000000012', 4,  4, 428, 1),
  ('00000000-0000-0000-0000-000000000012', 5,  3, 198, 9),
  ('00000000-0000-0000-0000-000000000012', 6,  4, 365, 11),
  ('00000000-0000-0000-0000-000000000012', 7,  5, 548, 3),
  ('00000000-0000-0000-0000-000000000012', 8,  4, 305, 17),
  ('00000000-0000-0000-0000-000000000012', 9,  4, 408, 7),
  ('00000000-0000-0000-0000-000000000012', 10, 4, 388, 8),
  ('00000000-0000-0000-0000-000000000012', 11, 4, 375, 14),
  ('00000000-0000-0000-0000-000000000012', 12, 5, 525, 4),
  ('00000000-0000-0000-0000-000000000012', 13, 4, 418, 2),
  ('00000000-0000-0000-0000-000000000012', 14, 3, 175, 16),
  ('00000000-0000-0000-0000-000000000012', 15, 5, 512, 6),
  ('00000000-0000-0000-0000-000000000012', 16, 4, 350, 12),
  ('00000000-0000-0000-0000-000000000012', 17, 3, 148, 18),
  ('00000000-0000-0000-0000-000000000012', 18, 4, 430, 10)
ON CONFLICT DO NOTHING;

-- ============================================================
-- Sample Course: Augusta National (simplified)
-- ============================================================
INSERT INTO courses (id, name, city, state, country, num_holes, created_by)
VALUES (
  '00000000-0000-0000-0000-000000000002',
  'Augusta National Golf Club',
  'Augusta',
  'GA',
  'US',
  18,
  '00000000-0000-0000-0000-000000000099'
) ON CONFLICT DO NOTHING;

INSERT INTO tee_boxes (id, course_id, name, color, slope_rating, course_rating, total_yardage)
VALUES (
  '00000000-0000-0000-0000-000000000021',
  '00000000-0000-0000-0000-000000000002',
  'Championship',
  '#15803d',
  137,
  76.2,
  7475
) ON CONFLICT DO NOTHING;

INSERT INTO holes (tee_box_id, hole_number, par, yardage, handicap_index) VALUES
  ('00000000-0000-0000-0000-000000000021', 1,  4, 445, 7),
  ('00000000-0000-0000-0000-000000000021', 2,  5, 575, 13),
  ('00000000-0000-0000-0000-000000000021', 3,  4, 350, 15),
  ('00000000-0000-0000-0000-000000000021', 4,  3, 240, 9),
  ('00000000-0000-0000-0000-000000000021', 5,  4, 495, 1),
  ('00000000-0000-0000-0000-000000000021', 6,  3, 180, 17),
  ('00000000-0000-0000-0000-000000000021', 7,  4, 450, 5),
  ('00000000-0000-0000-0000-000000000021', 8,  5, 570, 3),
  ('00000000-0000-0000-0000-000000000021', 9,  4, 460, 11),
  ('00000000-0000-0000-0000-000000000021', 10, 4, 495, 2),
  ('00000000-0000-0000-0000-000000000021', 11, 4, 505, 4),
  ('00000000-0000-0000-0000-000000000021', 12, 3, 155, 18),
  ('00000000-0000-0000-0000-000000000021', 13, 5, 510, 6),
  ('00000000-0000-0000-0000-000000000021', 14, 4, 440, 12),
  ('00000000-0000-0000-0000-000000000021', 15, 5, 530, 8),
  ('00000000-0000-0000-0000-000000000021', 16, 3, 170, 16),
  ('00000000-0000-0000-0000-000000000021', 17, 4, 440, 10),
  ('00000000-0000-0000-0000-000000000021', 18, 4, 465, 14)
ON CONFLICT DO NOTHING;
